{
  "maxPas": 44.856163024902344,
  "tonImagePreview": 2.5,
  "nombreDangles": 4,
  "sensibiliteMaximum": 0.3974657654762268,
  "angleDepartDeg": 73.35616302490234,
  "minPas": 6.654109477996826,
  "version": 6,
  "optimLignesPontPx": 4.263698577880859,
  "sensibiliteMinimum": 0.5375958681106567,
  "tramagePhotoEnNoirEtBlanc": true,
  "optimLignesMinLongueurPx": 12
}